1, 416,419,428,430,440,456,466,468,480,489,491,498,502,508,518,520,522,524,549,557,564,566,577,578,591,604,605,609,617
1.C, 435
1.E, 438
1.E.1, 486,493,504
1.E.7, 487,493
1.E.8, 488,522
1080.txt, 375
1080.zip, 375
12, 143
1500, 663
1729, 11,41
1997, 16
2, 629
20, 528
2001, 640
2008, 15
27, 15
28, 144
3, 562,644,648
30, 542
4, 538,644,674
4557, 660
5, 709
50, 686
501, 652,655
596-1887, 663
60, 534
64-6221541, 655
809, 663
84116, 663
90, 551,592
99712, 661
A, 0,8,21,32,138,180,371,373
ACTUAL, 587
AGREE, 583,585
AGREEMENT, 586
AK, 661
AND, 586
ANY, 586,606,607
ANYTHING, 397
ASCII, 512,516
About, 709
Additional, 494
After, 336
American, 122,190
An, 26,379
And, 187,196,223,252,342
Anonymous, 26,379
Any, 517
Archive, 440,533,537,539,560,579,641,643,648,651,657,675,730
As, 69,107,175,341
Author, 13
B, 669
BE, 586
BEFORE, 406
BREACH, 584,584
BUT, 606
Barbadoes, 53
But, 63,188,202,220,287,326,338
By, 419
CONSEQUENTIAL, 587
CONTRACT, 584
Catholick, 154
Cavan, 108
Chief, 670
City, 175,663
Compliance, 687
Contact, 561
Contributions, 656
Copyright, 457
Creating, 384
DAMAGE, 589
DAMAGES, 577,588
DIRECT, 587
DISCLAIMER, 577
DISTRIBUTE, 406
DISTRIBUTOR, 586
DONATIONS, 691
Date, 15,16
Defect, 626
Despite, 569
Director, 670
Do, 498,502,520
Domain, 719
Donations, 674,704
Dr, 38,660,669
Dublin, 175,293
EBOOK, 21,373
EBook, 0,371
EIN, 654
END, 373
EVEN, 588
EXCEPT, 584
EXPRESS, 606
Earth, 303
Email, 664
Emperor, 209
End, 371
England, 331
English, 18
Except, 577,604
Executive, 670
F3, 585
FITNESS, 607
FOR, 583,587,607
FOUNDATION, 585
FULL, 403,405
Fairbanks, 661
Fifthly, 260
First, 341
For, 9,34,101,234,280,331,668,714
Formosa, 204
Foundation, 385,440,440,462,533,537,539,560,562,579,617,618,641,643,645,649,651,657,675,685,730
Foundation's, 654,660,665
Fourthly, 256
French, 153
Full, 411
GIVE, 588
GUTENBERG, 21,373,405
GUTENBERG-tm, 390
General, 388,416,709
Gregory, 669
Gutenberg, 0,4,371,391,411,430,440,447,466,471,472,477,485,533,537,539,560,566,579,641,643,648,651,656,674,703,729
Gutenberg-tm, 389,408,412,416,419,424,426,433,436,437,442,449,450,451,454,462,469,470,480,488,491,495,498,500,506,511,513,517,521,525,529,531,543,547,555,557,561,568,569,580,581,619,621,624,626,629,631,639,642,677,709,712,715,718,728
Gutenberg-tm's, 638
HAVE, 583
Hart, 561,712
He, 182
How, 98
However, 510
I, 55,71,76,85,90,91,93,95,99,105,107,112,119,119,122,125,128,143,147,160,161,162,164,171,177,181,189,194,198,211,218,220,230,230,231,234,287,292,297,299,300,301,302,322,328,333,336,339,347,351,359,359,363,363
IF, 588
IMPLIED, 606
IN, 585
INCIDENTAL, 588
INCLUDING, 606
INDEMNITY, 617
INDIRECT, 587
IRS, 683
If, 392,422,425,443,458,480,484,491,557,591,594,598,600,611
In, 640
Infant's, 151
Information, 629,648,674,709
Internal, 653
International, 699
Ireland, 9,34,302
It, 45,72,270,430,633
Its, 655,662
Jews, 312
Jonathan, 0,13,38,371
July, 15
KIND, 606
Kingdom, 302
LIABILITY, 584
LIABLE, 587
LICENSE, 403,405
LIMITED, 577,591,606
Lake, 663
Language, 18
Laplanders, 310
Lastly, 315
Lent, 155
License, 4,412,454,469,477,495,499,506,518,544
Literary, 440,533,537,539,560,579,641,643,648,651,657,675,729
London, 123,204
Lord, 286
MERCHANTIBILITY, 607
MODEST, 21,32,373
Many, 280,681
March, 152
Mayor's, 286
Melan, 660
Men, 275
Michael, 560,712
Mission, 629
Mississippi, 653
Modest, 0,8,371
Most, 724
NEGLIGENCE, 583
NO, 583,605
NOT, 586,606
NOTICE, 588
Nearly, 442
Neither, 211
Newby, 669
North, 663
OF, 21,373,577,584,584,588,588,591,606,607
OR, 406,584,587,591,606,607
OTHER, 605
OWNER, 586
October, 16
Of, 304,304,306,307,308,309,311,313,314,448
PARAGRAPH, 585
PG, 724
PGLAF, 441
PLEASE, 406
POSSIBILITY, 588
PROJECT, 21,373,390,405
PROPOSAL, 21,32,373
PROVIDED, 585
PUNITIVE, 587
PURPOSE, 607
Papists, 158,235
Please, 703
Popish, 156
Posting, 15
Pretender, 53,238
Produced, 26,379
Professor, 712
Project, 0,4,371,389,390,408,411,416,419,424,425,433,435,437,440,441,447,448,450,451,453,461,466,469,470,477,480,488,491,495,498,500,505,511,513,517,521,525,529,531,533,537,539,543,547,555,557,560,561,566,568,569,578,579,580,619,621,624,626,629,631,638,639,640,642,643,648,651,656,674,677,703,709,712,714,718,728,729
Proposal, 0,8,371
Protestants, 239
Public, 719
READ, 406
REFUND, 591
REMEDIES, 583
REPLACEMENT, 591
RIGHT, 591
Redistributing, 416
Redistribution, 397
Refund, 578
Release, 16
Replacement, 578
Revenue, 654
Roman, 154
Royalty, 533,536
S, 660,712
SEND, 691
START, 21,403
STRICT, 583
SUCH, 588
Salmanaazor, 203
Salt, 663
Secondly, 242
Section, 416,538,562,629,648,674,709
Sections, 644
See, 434,438
Service, 654
Sixthly, 268
Some, 217,609
Spain, 53
Special, 387
States, 385,386,443,444,445,458,464,483,687,701
Supposing, 290
Swift, 0,13,38,371
THAT, 583,585
THE, 405,585,585,588
THIS, 21,373,406,406,586
THOSE, 584
TO, 587,606
TRADEMARK, 586
Terms, 388,416
That, 134
The, 0,89,98,242,256,440,456,462,468,530,596,614,651,654,660,685
Then, 194
There, 82,97,343,432,435
Therefore, 303,322
These, 49
They, 224,396
Thirdly, 247
This, 2,260,268,299,375,376,475,728
Those, 171
Thus, 166,720
Title, 8
To, 408,643,690,706
Topinamboo, 311
U, 658,701,719
UNDER, 586
USE, 406
UT, 663
United, 385,386,443,444,445,458,463,483,686,701
Unless, 466
Updated, 381
Use, 388,416
Vanilla, 512,516
Volunteer, 26,379
Volunteers, 637
WARRANTIES, 606,607
WARRANTY, 577,584
WILL, 586
WITH, 605
WORK, 406
We, 273,689
Web, 703,724,728
West, 663
Whereas, 247
While, 694
YOU, 406,583,583,585,587,588
You, 3,394,452,476,508,524,528,541,544,549,554,617
a, 10,34,45,58,59,61,64,65,72,73,77,77,90,103,107,109,112,112,114,122,123,123,123,125,126,132,135,138,140,140,143,143,144,152,152,153,160,163,166,180,182,186,189,189,195,197,198,203,207,207,213,214,217,224,225,237,243,244,249,250,264,268,271,278,278,285,286,286,304,308,313,315,316,332,332,333,339,342,343,344,350,351,352,364,385,391,425,425,425,427,430,432,435,441,445,458,470,481,484,499,511,511,514,515,515,515,515,520,524,528,541,541,544,545,549,550,550,550,557,557,572,573,573,580,591,593,593,595,597,597,599,600,601,641,651,687,704,713,715,720
abide, 422
able, 49,66,92,341
abortions, 83
about, 90,154,162,217,293,538,629,643,648,674,728,731
above, 74,108,114,204
abroad, 213
absence, 238
absentees, 304
accept, 421
accepted, 699,704
accepting, 696
access, 425,437,449,469,484,505,510,520,525,546
accessed, 472
accessible, 680
accident, 96
accidentally, 226
accordance, 549,619
account, 115
acquaintance, 122,191
acting, 311
active, 468,505
adding, 345
addition, 280,459
additional, 58,493,514,668
additions, 625
address, 538
addresses, 704
admirable, 173
admit, 332
advanced, 339
advancing, 361
advantage, 82,157,238
advantages, 231,280
advising, 136
affairs, 100
after, 152,155,258
again, 95
against, 199,240,297,696
age, 65,109,113,185
aged, 218
agent, 618
ago, 204
agree, 411,420,422,426,432,543,617
agreed, 55,532
agreement, 422,423,427,432,434,436,451,452,459,554,559,581,611,612,612,615,620
agriculture, 102
alas, 84
alive, 177,188
all, 48,50,55,100,161,251,263,268,336,376,411,421,422,424,442,447,466,495,545,546,546,554,581,622,635,686,719
allow, 131,609
almost, 3,224,476
alms, 49
alone, 139,701
already, 99,129,148,160,234,244,530
also, 456,601
alteration, 625
alternate, 517
although, 105,177,333
altogether, 190
always, 71,136,199
am, 112,220,336
among, 84,158,167,253,273,283
an, 49,94,97,138,153,208,220,240,247,273,349,431,443,480,491
and, 2,10,35,46,48,57,58,59,60,64,70,76,78,79,83,86,86,90,94,97,99,113,114,116,124,125,129,131,135,137,139,140,144,147,152,152,157,161,162,167,168,173,176,177,180,184,187,189,192,193,193,204,207,209,213,214,218,222,222,222,222,224,227,227,230,231,236,240,243,244,244,248,253,262,264,269,270,282,287,292,293,299,302,306,306,308,309,310,311,314,316,318,318,320,322,324,327,329,329,330,332,338,339,341,342,346,347,348,351,356,362,364,376,386,387,389,390,391,395,396,396,416,421,421,423,426,437,444,475,483,487,492,493,508,536,546,546,551,560,566,567,570,580,582,617,620,621,622,626,633,634,637,639,642,642,644,644,644,645,653,658,661,664,665,670,677,678,679,686,687,688,688,694,704,705,714,730
animosities, 311
annual, 272
annually, 98,293
annum, 162,249,250,257
another, 82,168,312
answer, 194,349
any, 199,205,226,252,286,311,337,394,410,410,419,431,461,463,463,470,483,493,499,500,503,508,509,521,541,549,580,593,611,614,618,620,623,624,625,626,691,700,721
anyone, 2,475,483,618,714
anything, 393
anywhere, 2,475
appear, 213,469
appearing, 485
appears, 471
applicable, 530,612,614
apply, 388
appointed, 175
apprehend, 93
approach, 697
apt, 197
are, 50,65,91,92,104,132,152,154,171,217,218,221,224,226,227,231,235,276,277,284,345,347,432,435,443,444,448,456,457,458,484,535,558,657,661,682,687,699,704,718,719
arise, 623
arms, 56
array, 681
arrive, 104
art, 110,282
artificially, 172
as, 51,61,66,66,77,99,106,137,148,164,178,190,194,198,207,222,223,223,224,232,232,234,236,236,261,265,265,275,276,326,328,336,352,395,428,447,447,488,518,536,562,571,719
ask, 349
assemblies, 214
assistance, 638
associated, 376,410,431,451,472,485,500,620
assured, 112,122,176,191
at, 2,5,56,65,74,76,104,115,116,123,135,138,156,210,214,226,237,239,248,284,286,291,292,304,312,314,323,327,350,351,412,475,478,496,514,537,645,655,660,662,665,666,724
attached, 453
attempt, 208,324,349
author, 153,340
authors, 340
available, 640
avoid, 85
avoided, 352
away, 3,225,476
away--you, 396
babes, 85,272
backs, 56,342
bacon, 283
baked, 125
barrel'd, 281
based, 447,461
bastard, 84
be, 72,90,93,99,106,120,130,130,134,135,141,147,151,155,162,166,168,175,176,177,184,187,190,195,197,206,215,219,223,243,248,249,257,261,268,280,290,294,297,298,299,303,317,319,324,334,337,338,340,341,348,375,376,382,391,396,426,430,432,482,494,534,536,570,574,612,665,679,713
bear, 331
beat, 277
because, 155,195,221,634
become, 196,275
beef, 281
been, 107,116,122,199,219,326,351
before, 112,152,338,460
beg, 50
beggar's, 160
beggars, 47,64,346,347
begging, 76
beginning, 496
being, 10,34,49,63,77,89,94,153,186,235,244,253,287,313,332,343,364
believe, 162
below, 435,438,562
beneficial, 11,35
bent, 336
besides, 196,250,256,291
best, 149,261
better, 339
binary, 508
black, 131
bodies, 184
body, 207
boiled, 125,141
bold, 348
boots, 173
bordering, 198
born, 65,98,143,154
both, 186,493,560
bound, 426,432
boy, 112
breast, 87
breed, 130,357
breeders, 91,95,196,236,256
brevity, 288
bring, 260,274
brought, 319
build, 102
bulk, 346
burden, 10,35
business, 662
business@pglaf.org, 664
but, 94,151,531,571,661,699
butchers, 176
buy, 317
buying, 177
by, 0,26,38,47,55,73,75,96,100,103,107,112,122,133,152,157,184,187,188,192,203,222,231,238,243,257,263,269,269,272,283,337,346,353,361,363,371,379,409,422,426,431,432,449,452,494,541,542,574,593,613,632,653,658,680
cabbin-doors, 47
calculate, 90,301,530
calculated, 529
calf, 277
came, 204
can, 101,103,106,211,223,297,303,330,363,386,433,435,452,457,482,592,644,665,679
cannot, 93,115,190,213,224,248,574,677,694,699
carcass, 163,172,206
carcasses, 281,293
card, 705
care, 270
carry, 678
cattle, 131,244
cause, 624,626
cautious, 313
cease, 423
censure, 197
certain, 65,609,610
certainly, 75,261
chair, 213
change, 458
charge, 77,116,160,194,258,392,393,454,520,524,557
charges, 484
charitable, 686
charities, 686
charity, 67
cheap, 59,338
cheaper, 294
cheat, 318
check, 458,703
checks, 705
child, 72,123,138,143,160,164,169,274,285
child-bearing, 365
children, 9,34,48,56,59,64,84,92,96,97,129,132,149,154,177,247,257,271,347,363
choose, 599
chosen, 239
christenings, 292
circulate, 252
circumstance, 133
city, 290,313
claim, 445
clearly, 536
cloathing, 80
cloaths, 305,355
codes, 574
cold, 222
collateral, 157
collection, 441,443,569,639
come, 113,228,640
commercial, 398
committed, 685
commodity, 113,331
common, 226,344,354
common-wealth, 60
comparable, 284
compilation, 441
compliance, 450,690,691,721
comply, 411,452,486,493,522,554
complying, 393,434,685
compressed, 509
computation, 72
compute, 292
computed, 129,160,248
computer, 574,574
computers, 632,633
conceived, 183
concept, 390,713
concern, 217
concerning, 462,700
condition, 224
confess, 105,171,199
confessed, 202
confined, 63
confirmation, 690
confirmed, 719
conscience, 240
consciences, 314
consequently, 225,262
consider, 340
considerable, 286,566,688
consideration, 128
consistence, 332
constant, 256,290,458
contact, 664,664,668
contain, 481,570
containing, 499
continual, 192
continuance, 333
contradiction, 339
contrary, 79
contribute, 79
contributions, 694
contrive, 265
convenient, 176
conversation, 205
convert, 508
cook, 264
copied, 473,482
copies, 393,424,511,524,545,546,619
copy, 3,386,425,470,476,502,515,515,515,550,597,600
copying, 389,446,460,521
copyright, 385,387,441,456,463,482,492,494,496,567,572,720
corn, 244
corporation, 652
corrupt, 572
cost, 2,475,514
costs, 582,622
cottagers, 161,346
could, 59,274,317,319,333,713
countries, 154,457
country, 10,35,46,52,102,180,186,205,227,239,310,313,333,361,459,463
county, 108
couple, 91,92
course, 219,448
court, 210
cover, 355
cows, 276
created, 641,718
creating, 446,461,568
creation, 395
creatures, 343
credit, 705
critical, 638
crowded, 47
crown, 114
crowns, 211
crucified, 208
cruelty, 198
cultivate, 103
curate, 240
curing, 307
current, 703
custom, 260
customers, 291
dainty, 207
dam, 72
damage, 574
damaged, 573
damages, 582,610
danger, 330
dangerous, 236
data, 572
date, 534,664
day, 141,221,350
days, 534,542,551,592
dealing, 319
dear, 52,147
death, 206
debt, 345
deductible, 657
deer, 183
defect, 550,592
defective, 573,597,601
deference, 189
degree, 225,315
deletions, 625
delicious, 124
deliver, 237
delivered, 228
demand, 66,601
deny, 211
depends, 677
deplorable, 57
derivative, 395,446,461
derive, 528
derived, 480
described, 578
deserve, 60
deserving, 189
design, 237,300
desire, 300,339,347
desired, 219
despairing, 327
desponding, 217
destroy, 423,545
destroyed, 183
destruction, 283
detach, 498
determine, 691
devoured, 148
die, 96
differ, 310
different, 558
digressed, 230
dine, 166
dines, 139
directly, 623
disagreeable, 193
disclaim, 581
disclaimer, 611,613
disclaimers, 609
discontinue, 546
discoursing, 181
discover, 591
discovered, 551
disease, 96
diseased, 218
dish, 140,251
dishes, 138,164
disk, 573
dislike, 348
disobliging, 331
display, 502
displayed, 472
displaying, 446,460,504,520
disposed, 187
distress, 243
distresses, 93
distribute, 386,502,508,511,557
distributed, 473,483,680,714
distributing, 389,409,446,460,521,525,580
distribution, 409,492,555,621,624,631
do, 128,178,393,396,422,426,433,435,445,457,567,609,623,689,694,720
does, 543
domain, 384,397,443,444,481,568,679
donate, 532,697,706
donation, 703
donations, 538,634,644,678,681,686,689,696,699,700,705,729
donors, 696
doubt, 85,125
downloading, 460
dressed, 172
dressing, 178,262
dropt, 72
due, 188
during, 106,275
dyet, 153
dying, 222
e, 542
eBook, 2,5,393,394,475,478
eBooks, 392,397,715,718,721,730,731
each, 534
earlier, 105
earnestly, 320
ease, 219
easily, 452
easy, 59,338,394
eat, 334
eating, 264
edition, 721
editions, 381,381,384,719
educational, 652
effect, 66,347
effectual, 338
effort, 567,688
efforts, 569,634,644
eight, 167,256
eighty, 295
either, 51,115,269,486
elect, 597
electronic, 389,409,417,420,424,426,431,433,436,437,442,449,480,491,503,503,525,551,558,569,581,592,619,621,632,709,713
electronically, 598,600
email, 663,731
eminent, 153
employ, 50,101,219
employee, 618
employees, 566,661
emulation, 273
encouraged, 269
encrease, 270
encreased, 250
encreaseth, 144
endeavouring, 360
enemies, 236
enforced, 269
ensuring, 639
entertainment, 138,287
entirely, 253
entity, 428,596,598
enumerated, 280
episcopal, 240
equally, 125,337
equipment, 575,681,681
errors, 572
especially, 141,398
esteem, 181
even, 109,113,310,434
ever, 302,303,319,324,357
every, 48,186,221
evils, 228
exact, 318
exactly, 76
exceeding, 185
excellent, 164,189
except, 104,305
exchange, 115
exclusion, 610
executioner, 206
exempt, 653,682
exercise, 193
exists, 633
expected, 223
expedient, 202
expedients, 304,323
expence, 85,273,329
expend, 566
expense, 514
expenses, 582,622
expensive, 265
expensiveness, 307
experience, 191
explanation, 594,596
exportation, 281,332
exporting, 515
extent, 64,657
facility, 724
factions, 311
fair, 59,319
families, 290
family, 139,166
famine, 222
famous, 203
far, 63
farmers, 161,346
farrow, 277
fast, 222
fat, 137,164,285
fathers, 57
fatten, 193
fattest, 274
fear, 278
feast, 286
federal, 654,658
fee, 425,428,514,520,524,528,530,557
feeding, 79
fees, 483,583,622,688
fell, 328
female, 47
females, 134,194
few, 432
fifteen, 208
fifty, 95,250
fight, 52
figure, 286,343
file, 375,412
files, 376,499
filth, 222
financial, 637
find, 59,341
fine, 173,263
fineries, 214
first, 234,258,349
fish, 153
fit, 168
five, 304
fix, 602
flea, 172
flesh, 151,191,282,291,332
foal, 276
follow, 436
followed, 47
following, 468,534,623
fond, 275
food, 78,124,147,260,341,351
for, 2,10,35,48,49,51,52,53,61,63,69,73,76,78,95,99,110,130,138,138,147,152,163,168,173,173,175,186,190,208,215,262,271,278,291,301,302,314,326,342,351,357,362,392,393,394,425,451,475,487,495,520,524,550,554,577,582,593,604,640,642,691,703
forced, 50
fore, 139
foreign, 214,307
form, 509,510,517,680
format, 453,511,512,517
formats, 376,632
forth, 388,428,488,504,559,562,604,611
fortunately, 328
fortune, 136,251
fortunes, 213
found, 71,337,376,496,665
four, 48,117,134,164,210
four-fifths, 161
fourteen, 185
fourth, 130,141
free, 408,437,449,554,631
freely, 299,450,640,680,713
frequent, 84,191,278,284
frequented, 263
frequently, 57
fricasie, 126
friend, 165,189,202,205
friends, 139
from, 10,34,63,72,91,178,191,204,210,225,228,248,310,355,384,427,445,481,499,528,559,594,622,623,634,694,696,700,718
fruits, 132
full, 330,434,453,469,498,505,517,541,543,549,657
furniture, 305
further, 601
future, 437,642,642
gain, 256
gaming, 308
gbnewby@pglaf.org, 671
generally, 192
generations, 640,642
gentleman, 107,163
gentlemen, 173,182,251,263
get, 75,224,364
gibbet, 210
girl, 112,208
girls, 212
give, 3,163,476,599
given, 396
giving, 362
glad, 334
gloves, 173
glutted, 155
glympse, 323
goals, 639
gone, 353
good, 138,141,163,166,238,264,282,361
goodness, 318
goods, 253,317
govern, 456
grant, 147
granted, 94,653
gratefully, 699
grave, 152
great, 45,58,82,185,210,217,260,268,283,350
greater, 64,357
greatly, 234
grievance, 58
grievous, 220
groat, 213
gross, 528
grossly, 71
group, 558
grow, 51,167
grown, 285
growth, 253,306
guests, 265
half, 90,114
handicraft, 101
happened, 206
happily, 227
happiness, 350
harmless, 622
has, 532,724
hath, 165,199,323,329
have, 61,71,99,107,122,143,148,149,157,160,164,167,218,226,230,231,234,239,242,252,262,269,291,314,351,352,352,359,363,420,466,690,695
having, 69,116,183,326,360
he, 108,165,183,202,323,531,714
head, 203
healthy, 123
hear, 731
heart, 359
hearty, 324
heels, 56
help, 243,437,644,730
helpless, 51
her, 73,75
highest, 232
highly, 181
him, 166
hind, 139
hired, 226
his, 61,165,167,180,190,203,205,207,209,265
hitherto, 101
hold, 617
holder, 482,492,494,496
home, 237,240
honest, 49,273
honesty, 316
hope, 119,323,448
hopeful, 224
hoping, 238
horrid, 83
hot, 178
house, 355
houses, 102,263
houshold, 305
how, 200,265,341,644,729,730,730
however, 106
http://gutenberg.org/license, 413
http://pglaf.org, 666,692
http://pglaf.org/donate, 706
http://pglaf.org/fundraising, 656
http://www.gutenberg.org, 726
http://www.gutenberg.org/1/0/8/1080, 377
http://www.pglaf.org, 645
humane, 343
humble, 195
humbly, 119,128
hundred, 90,94,97,129,134,211,247,342
hundreds, 634
hypertext, 510
identification, 654
identify, 567
idle, 327
idleness, 308
if, 144,188,211,225,316,391,436,510,550
immediate, 468,505
immediately, 317
imperial, 209
implied, 609
importance, 232
important, 70,682
importuning, 48
imposed, 494
impossibility, 353
impossible, 100
improbable, 196
improvement, 282
in, 9,34,46,48,50,53,56,57,65,66,67,71,75,77,82,86,89,101,102,107,109,110,122,125,135,137,141,144,151,152,154,156,175,181,186,190,202,204,205,207,210,212,214,217,220,224,251,252,264,272,276,276,281,282,284,290,299,300,308,318,330,331,333,339,343,345,347,351,359,360,376,385,386,388,410,424,428,431,441,442,443,443,444,444,445,450,453,457,457,459,463,483,488,504,508,511,512,516,518,538,542,545,549,550,559,559,562,568,578,592,597,600,601,605,611,619,632,635,680,686,689,696,704,719,721
inaccurate, 571
inclemencies, 355
include, 517
included, 4,162,477,720
includes, 728
including, 509,582,622,633,681,705,729
incomplete, 571
increasing, 679
incumbrance, 220
incur, 330
indeed, 198,211,300
indemnify, 617
indicate, 420
indicating, 481
indirectly, 623
individual, 301,442,444,480,491
inducement, 268
industry, 316
inevitable, 356
infants, 51,65,156,291,362
information, 665,668,728
informed, 107
infringement, 573
inhabitants, 310
inhuman, 87
innocent, 85,337
instance, 280
instances, 109
instead, 49,77,273
instruments, 307
intailing, 356
intellectual, 421,572
intended, 200
intention, 63
interest, 360
interpreted, 613
into, 203,316,324,344
introduced, 251
introducing, 308
invalidity, 614
invited, 320
is, 2,45,55,57,63,64,72,76,82,98,100,113,123,131,132,156,196,221,278,302,305,328,391,394,397,430,444,472,472,475,480,481,491,530,551,601,605,631,638,651,655,655,660,662,685,712,720
island, 203
it, 3,3,4,55,64,76,82,125,128,157,176,194,196,221,227,234,262,265,291,298,300,320,328,329,334,350,386,454,476,476,477,481,592,593,599,687
its, 72,453,516,661,678
joints, 210
just, 72,143,319
justify, 202
justly, 263
keep, 688,721
keeping, 451,453
kick, 277
kind, 331,338
kingdom, 58,89,94,109,116,136,156,183,215,237,252,294,299,344
knew, 108
knife, 178
know, 695
knowing, 122
knowledge, 264
known, 221
labour, 226
labourers, 161,223,346
ladies, 173
lads, 184
land, 103
landlord, 167
landlord's, 244
landlords, 148,314,353
last, 137
late, 183
lately, 181
law, 243,612,614
lawful, 75
laws, 269,456,457,459,652,658,658,685,701
lean, 192
learn, 105,166,643
learning, 309
least, 117,120,156,220,314,323,359
leave, 52,239,345
legal, 582,622
legally, 535
length, 327
less, 248
lessen, 234
lessened, 299
lessening, 157
let, 136,303,322
letter, 655
liability, 582,622
liable, 120,243
library, 713
license, 388,398,421
licensed, 679
lieu, 597,600
life, 271,635
like, 192,312,322,356
likewise, 82,260
limitation, 610,611,613
limited, 571,604
linked, 494
links, 468,505,664
list, 161
little, 66,73,140,152,198,313,329
livelihood, 50,103
lives, 78
located, 445,456,660,662
locations, 662,689
long, 230,333,447
longer, 312
looked, 106
loose, 715
loss, 195
lot, 435
love, 309
lover, 180
luxury, 307
machine, 680
made, 212,231,243
magnificence, 285
maidens, 185
maimed, 218
main, 724
maintain, 92
maintainance, 247
maintaining, 258,682
majesty's, 209
make, 125,138,140,164,172,265,286,319,613,699,729
makes, 462
making, 11,35,59,282
male, 133
males, 130,190
man, 303,322
mandarins, 210
manner, 77,351
manufacture, 254,306
many, 69,80,93,182,232,238,287,326,688
mares, 276
marked, 509,536
market, 275
markets, 155
marriage, 132,268
married, 274
materials, 306
matter, 181,221
maturely, 70,340
maximum, 613
may, 3,72,74,90,130,135,171,175,176,219,243,348,391,394,396,396,427,430,476,508,524,570,570,597,599,601
me, 108,191,199,303,322
mean, 102
means, 384,515,515
measure, 318
meat, 165
medium, 143,545,570,573,595,595
meet, 688
meetings, 292
melancholy, 45
members, 60
men, 337
merchants, 112
mercy, 315
merry, 291
met, 695
method, 59,529
methods, 101,704
middle-aged, 633
might, 184,197,280,291
milk, 73
million, 89,343,345
minister, 209
miscarriage, 278
miscarry, 96
miseries, 357
misfortunes, 352
mission, 408,449,678
mistaken, 71
modification, 625
modified, 396
moment, 312
money, 244,252,354,541,550,593
month, 137
months, 155
more, 85,131,151,154,155,171,643
mortals, 350
most, 74,86,115,124,148,176,236,356,433,457
mother, 74,136,167
mothers, 49,56,270
motive, 361
mouths, 342
move, 86
much, 64,105,133,283,299,688
murdering, 84,312
must, 171,423,469,486,493,514,517,534,544,559,595
my, 63,69,69,82,119,122,131,182,190,202,205,219,230,301,326,336,339,348,359,361,364
name, 333,451
named, 375
nation, 61,220,236,334
nation's, 249
nations, 269
native, 52,203,317
nearest, 188
nearly, 394
neat, 168
necessarily, 720
necessary, 360
need, 638
neither, 101,102,305,355
network, 715
never, 108,214
new, 251,329,633,730,731
newsletter, 731
nine, 154,364
no, 2,3,113,125,162,284,297,302,303,322,329,330,361,363,384,462,475,476,514,695
non, 651
nonproprietary, 509
nor, 102,185,277,305,311,319,355
not, 74,114,120,133,176,185,193,196,215,220,226,313,331,336,350,359,391,393,422,426,445,481,498,502,520,543,571,609,615,687,689,690,694,695,720
nothing, 314
notice, 481,720
notifies, 541
nourishing, 124
nourishment, 73,225
now, 119,186,224,276,317,341
number, 55,65,89,91,98,156,158,186,218,235,298,655,679,704
numerous, 662
nursed, 123,144
nursing, 160
nutriments, 116
nutritive, 165
object, 45
objection, 120,199,297
oblige, 265
observe, 301
observed, 234
obsolete, 633
obtain, 427,487,559
obtaining, 425,515
obvious, 231
occupation, 75
occur, 624
of, 0,2,4,9,34,47,49,52,55,56,57,57,59,60,60,61,64,64,65,65,70,74,75,77,78,80,83,89,90,93,97,100,104,108,109,109,116,122,128,132,135,148,156,158,160,161,163,164,172,175,176,180,182,183,184,184,185,186,187,187,192,203,207,207,208,209,210,212,217,218,220,225,232,235,236,238,242,247,250,251,251,253,256,257,257,258,270,271,273,274,275,275,276,278,281,281,282,282,283,287,294,297,298,302,303,305,307,309,311,315,315,315,319,322,323,327,329,331,332,338,343,345,346,349,352,353,353,354,355,356,359,361,371,371,376,388,388,393,395,408,409,411,416,419,421,423,424,425,427,432,434,435,436,441,449,450,452,456,458,459,459,463,470,475,477,482,486,487,492,496,496,499,503,505,511,515,515,516,524,528,528,529,531,541,542,543,545,546,546,549,552,552,554,555,558,561,578,579,592,593,597,600,604,609,610,610,612,614,615,618,619,621,623,624,629,631,632,634,634,634,635,652,653,678,679,681,686,690,691,695,700,704,712,713,713,715,719
off, 293
offer, 128,182,277,337
offered, 135
offering, 300,326,339
offers, 697
office, 660,662
official, 512,513,665
often, 320,718
old, 76,104,113,123,135,248,351,364,381,633
omit, 287
on, 10,35,56,79,115,141,181,237,431,447,461,470,485,513,534,558,567,570,595
one, 76,89,108,130,133,156,157,212,290,297,300,301,312,314,319,385
one--the, 381
online, 5,412,478,705
only, 63,97,106,130,165,317,430,715
opinion, 336
opportunities, 602
opportunity, 599
oppression, 353
or, 3,5,10,35,46,48,52,53,56,56,75,78,78,96,96,102,108,112,114,116,125,126,131,139,140,165,188,218,269,277,277,284,286,302,340,354,356,375,409,412,419,423,425,427,431,441,446,460,461,468,471,473,476,478,484,484,485,487,488,498,498,499,500,502,503,505,509,510,510,512,514,515,516,521,522,524,525,544,550,557,558,571,572,573,573,574,574,578,596,598,604,610,610,611,613,614,618,623,624,624,625,625,654,691
order, 202
organized, 652
original, 516
originator, 712
other, 73,157,210,280,286,302,303,361,410,461,468,500,511,512,516,546,554,572,573,580,704
others, 287,291,454
otherwise, 188
our, 67,71,112,133,175,192,236,253,253,281,284,304,305,308,309,311,313,316,317,330,334,362,701,724,730,731
out, 59,326,678
outdated, 681
outside, 458,463,701
over-run, 235
overture, 348
owed, 531
own, 69,92,119,166,242,253,299,306,330,336
owner, 531,561,579,618
owns, 385,441
page, 645,666
pages, 703
paid, 425,428,534,541,550,593
pain, 220
paper, 721
paperwork, 688
paragraph, 428,435,438,504,518,522,532,549,578,605
paragraphs, 486,488,493
parents, 10,35,66,77,98,116,148,187,349
parish, 78
parsimony, 309
part, 69,109,130,388,419,499,503
particular, 165,692,721
particularly, 292,682
parties, 55
partly, 79
parts, 105,176
party, 580
passenger, 48
past, 364
patriot, 189
pay, 215,240,243,528
paying, 354,387,483
payments, 533,536,705
penalties, 270
penny, 364
people, 9,34,197,218,298,431,635,724
pepper, 140
per, 162,249,250,257
perfection, 262
perform, 227,502
performances, 395
performed, 472
performing, 446,460,521
perhaps, 333,348
periodic, 535
permanent, 642
permission, 387,392,482,487,492,496,559
permitted, 613,658
perpetual, 352
person, 180,205,427,594,596,598
personal, 360
persons, 135,206,217
phrase, 410,471,471,485
physical, 545,595
physician, 153
pick, 103
piece, 249
pigs, 178,283
pine, 225
pity, 86
place, 456
play-house, 214
please, 266,706
pleased, 181,340
pleasure, 363
plentiful, 151
plentifully, 137
plump, 137,208,212
points, 340
poison, 208
politicians, 348
poor, 9,34,85,98,218,272,362
poorer, 242
popular, 167
possessed, 545
possession, 424
possibly, 297
posted, 482,491,495,513,655
pound, 304
pounds, 114,114,144,145,250,345
power, 330
practically, 397
practice, 83,197,278,324
pregnancy, 276
prepare, 535,535
prescribe, 351
present, 57,93,100
preserve, 437
preserver, 61
prevent, 83,445
preventing, 9,34
previous, 381
price, 318
pride, 308
prime, 207,209
principal, 107,235,300,660
print, 384
printed, 396,718
probably, 294
probationers, 107
problem, 602
processing, 510
procure, 261
prodigious, 55
produce, 730
produced, 714
produces, 168
production, 620
profess, 359
professed, 64
profession, 346
proficiency, 110
profit, 168,250,272,651
profits, 528
prohibition, 695
project, 200
projectors, 71
prolifick, 153
prominently, 469,504
promote, 307,360
promoting, 408,449
promotion, 621
proofread, 567
propagation, 282
proper, 147
properly, 106
property, 421,573
proposal, 231,298,319,328
propose, 76,119,363
proposed, 101,337
proprietary, 509
prospect, 356
protect, 390,408
protested, 108
provide, 63,76,510,514,541,549,597,637,641
provided, 99,272,525,596,605
providing, 362,484,524,599,619
provision, 615
provisions, 615
prudence, 309
prudent, 261
public, 384,397,443,444,481,568,678,679
publick, 11,36,61,128,195,272,286,361
purpose, 175,237,394
put, 203,206,324,344
putting, 315
quality, 135,207
quarter, 139
question, 98
quickest, 110
quitting, 311
ragoust, 126
rags, 48,116,162
raiment, 78,342
raised, 297
rather, 177,239
re-use, 4,477
reaching, 638
read, 420,574
readable, 632,680
reader, 301
reading, 419
ready, 186,277
real, 329
reared, 99
reason, 132
reasonable, 140,524
reasonably, 223
receipt, 542,552
receipts, 262
receive, 392,593,600
received, 594,595,598,690,700
receiving, 592
reckon, 161
reckoned, 89,143
recommend, 177
redistribute, 502
redistributing, 484
redistribution, 399
references, 447,466
refinement, 182,252
refund, 427,541,549,593,598,600,601,604
regarded, 133
registered, 391,430
regulating, 685
reject, 336
rejecting, 306
relations, 188
relieving, 362
remain, 94,97,640
remaining, 134,295,615
remedy, 301
remove, 498
removed, 448,466
renamed, 382
render, 137
renowned, 110
rent, 244,354
repeat, 322
repine, 163
replace, 381
replacement, 550,597,604
reported, 551
reports, 395
representations, 462
request, 516
require, 171,544
required, 535
requirements, 486,687,689,695
research, 396,567
reserved, 130
resolution, 316
rest, 78,294
restrictions, 3,476
return, 230,423,544,595
returns, 536
rewards, 269
rich, 363
rid, 257
right, 445,604
roads, 46
roasted, 124,285
roasting, 178
rotting, 222
round, 343
royalties, 387,532
royalty, 528
rudiments, 105
rules, 387,394
s/he, 542
sacrificing, 85
said, 99,164,182
sale, 135,257
saleable, 113
salt, 140,333
same, 211,453
savage, 86
savages, 133
scattered, 661
scene, 352
scheme, 82,182,339
schemes, 70
school-boys, 192
scraps, 75
scrupulous, 197
search, 724
season, 151
seasoned, 140
second, 599,600
secondly, 342
secure, 641
see, 46,273,644
seem, 148
seized, 244
seldom, 103,132
self, 326
sell, 53,313
selves, 253
sending, 593
sent, 537
sentence, 468,504
sentiments, 190
serve, 125,134
service, 187
set, 61,388,428,488,504,558,562,604,611
settlement, 271
seventy, 95
several, 70,212,718
sex, 47
sexes, 186
shall, 64,79,99,119,230,337,338,612,615
shambles, 175
shame, 86
share, 454
shared, 713
sharing, 450
she, 168
sheep, 131
shillings, 74,162,163,168,249,256,304
shop-keepers, 316
should, 273,298,375,536
since, 353
sincere, 324
sincerity, 359
single, 212,364
site, 513,665,724,728
situation, 100
six, 48,104,109
skilful, 264
skill, 316
skin, 172
small, 681,701
so, 60,93,109,137,185,189,189,220,238,261,283,329,336,348,385
soever, 200
solar, 73,144
sold, 206,209,294,351
solicit, 689,694
solicitation, 695
solid, 329
some, 165,196,272,281,323,324,362
something, 242,329,338
somewhat, 147,294
soon, 195,273
sort, 272
souls, 89
sound, 60
sow, 277
specific, 392
specified, 518,538
spirit, 217,315
spread, 678
squire, 166
staff, 701
stand, 341
start, 724
starve, 186
state, 57,209,458,612,614,653,692
state's, 658
statements, 700
states, 609,686,694,696
statue, 61
status, 463,653,683,691
stay, 237,239
stealing, 103
sterling, 257,345
stewed, 124
stir, 213
stock, 249,344
stored, 570
streets, 46,67
strength, 227
stroling, 50
strongest, 199
studious, 287
subject, 70,230,398
submission, 195
subscribe, 731
subsistence, 344
subtract, 91,95
success, 328
such, 77,197,352,395,536,544,571,696
suck, 137
sufficient, 134
summer, 173
supply'd, 184
support, 66,448,637,678,715
supported, 73
sure, 271
survive, 677
sustenance, 51,354
swamp, 701
swine, 131
swine's, 282
synonymous, 631
table, 138
tables, 251,284
take, 65,238,293
taken, 219,313,317
takes, 687
talk, 303,322
taste, 193,252,284
taverns, 260
tax, 535,653,654,657,682,700
taxes, 530
taxing, 304
teaching, 314
tears, 86
temperance, 309
ten, 163,249
tenants, 167,242,315
tender, 332
tenderness, 270
terms, 4,411,421,423,427,432,434,436,450,452,459,477,494,494,499,505,543,554,558
than, 86,131,155,239,248,361,511,558
that, 55,76,82,83,108,110,112,117,123,125,128,132,143,153,182,183,191,192,196,202,205,207,211,217,221,221,225,290,292,297,298,301,302,307,323,338,349,359,384,420,433,448,481,526,542,574,596,623,639,679,713
the, 2,4,4,9,11,34,36,46,46,46,47,53,53,56,56,56,57,58,60,61,61,63,65,67,70,74,74,75,78,78,79,79,80,85,85,86,86,93,94,97,100,100,102,105,107,109,109,110,115,115,116,120,128,132,134,135,136,136,137,139,139,141,148,149,149,151,155,156,158,160,161,163,166,167,171,172,172,176,177,178,183,184,190,194,194,195,199,203,203,206,206,207,208,210,210,211,215,215,220,220,223,227,228,231,231,232,234,235,236,237,237,238,247,249,250,251,251,252,253,256,257,257,258,261,261,263,270,271,272,273,274,274,275,280,281,282,283,293,294,295,298,299,300,300,306,307,310,312,312,318,318,318,322,340,346,349,351,353,353,354,355,355,356,356,359,359,361,362,363,364,371,381,384,385,386,388,390,392,393,398,408,408,410,411,411,421,423,426,427,428,432,434,436,441,442,442,443,443,444,444,445,447,448,450,451,452,452,453,456,458,459,459,463,463,469,470,471,475,477,477,481,482,482,483,485,485,486,487,487,487,492,492,494,495,495,496,496,498,504,505,505,512,513,514,516,517,528,529,529,531,531,532,537,537,539,543,543,545,550,552,560,561,561,561,568,570,577,578,579,579,593,594,594,595,595,597,598,598,600,600,602,604,610,611,612,612,613,614,615,617,617,618,620,623,629,631,632,634,637,639,640,643,645,648,652,652,653,656,657,665,674,679,680,683,685,686,691,695,701,703,712,712,719,724,729
their, 10,35,49,50,51,52,56,57,71,77,78,84,92,183,187,188,191,193,213,238,239,240,242,243,244,257,262,264,271,272,275,276,276,276,313,315,347,357
them, 11,35,66,71,77,101,136,137,178,193,258,274,278,324,345,355
themselves, 53,196,227,263
thence, 204
there, 90,93,94,154,323
thereby, 249,299,352
therefore, 58,98,119,128,133,147,157,230
these, 59,90,132,187,322,349,385,569,689
they, 46,51,79,103,104,104,105,106,113,113,148,195,214,221,223,226,226,265,271,276,277,294,341,349,350,352,570,638
thieves, 52
thing, 245
things, 341,433,435
think, 55,194,231,297,302,350
thirty, 91,714
this, 5,45,55,69,89,94,98,113,147,156,175,181,182,202,212,287,290,298,301,328,331,344,350,360,388,393,394,409,412,419,421,423,427,432,434,436,451,452,453,457,459,461,478,496,499,499,502,503,508,532,554,559,581,592,605,611,612,615,620,624
those, 45,66,83,95,345,348
though, 320
thoughts, 69,119,219,327
thousand, 90,92,95,95,97,129,129,134,247,250,281,290,293,295,342
thousands, 80
three, 47,114,114,156
thrifty, 171
through, 45,136,353,487,493
throughout, 151,343,662
thus, 227
till, 104,168
time, 50,106,207,226,275
times, 117,171
tithes, 240
title, 149
to, 11,35,45,49,50,50,52,53,61,63,66,69,76,79,79,85,92,108,113,115,115,120,128,130,131,134,135,136,137,144,149,149,156,162,163,166,166,175,181,186,187,189,190,193,194,195,197,202,204,206,206,206,208,209,213,219,219,223,225,226,227,228,230,237,237,238,239,240,243,243,251,260,261,262,265,265,268,271,272,274,277,277,285,300,303,309,313,314,317,318,319,320,322,324,326,332,334,336,339,340,341,346,349,351,355,360,363,363,388,389,398,411,420,422,425,426,428,432,437,445,447,449,459,466,468,469,483,484,495,505,508,510,514,520,525,530,531,532,532,535,537,538,543,544,546,551,557,567,571,582,594,597,599,599,599,602,605,612,613,617,624,625,637,638,640,641,656,657,664,674,678,682,682,685,688,697,729,729,730,730,731,731
told, 152,205
tolerably, 144
too, 84,230,278,284,332
tough, 192
towardly, 104
towards, 270,315
town, 45,212
trade, 354,362
trademark, 390,391,398,430,488,531,561,580,618
transcribe, 567
transcription, 572
travel, 46
treatment, 700
trouble, 330
true, 72,180
turn, 51,115
turned, 69
twelve, 112,185
twenty, 97,129,129,204,293
two, 74,90,109,138,162,248,340,345
types, 610
under, 4,93,99,109,185,477,532,581,652
understand, 420
understands, 264
unenforceability, 614
uniform, 687
unite, 317
unjustly, 198
unknown, 245
unless, 298,392,522,720
unlink, 498
unsolicited, 696
up, 51,61,103,334,509,664,688
upon, 69,77,106,143,182,198,221,264,303,318,328,336,357,515,677
upwards, 248
urged, 298
us, 84,158,283,318,697
use, 2,211,394,475,487,492,529,530,546
used, 391,431,512
useful, 60
useless, 342
user, 514,541,544
using, 304,409,419,423,529
usual, 155
usually, 89
utterly, 100,306,327
vain, 327
valuable, 242
value, 74,75,117,263
vanity, 308
variety, 632
various, 376
vast, 217
vein, 308
venison, 184
vermin, 222
version, 512
very, 58,63,103,122,141,147,180,198,221,312,394
viewed, 472
viewing, 520
vintners, 261
violates, 611
violently, 336
virtues, 180
virus, 574
visionary, 327
visit, 692,706
void, 615
voluntary, 83
volunteer, 715
volunteers, 566,620,634,637,661
walk, 45
walks, 635
want, 52,184,187,225,354
wanted, 283
wanting, 78,177
warranties, 610
was, 181,191,203,208,209,302,313,641
way, 284,410,431
ways, 705
we, 101,102,131,152,176,178,235,310,330,445,448,690,694,694,695,699,720
wearied, 326
weather, 356
web, 513,645,665
weddings, 292
weigh, 143
weighed, 70
well, 60,123,184,200,221,232,236,285
were, 211,271,312
what, 219,305,457
whatsoever, 3,476
when, 46,113,139,165,205,271,277,454
whenever, 470
where, 104,261,456,690,694
whereby, 330
wherein, 310
whereof, 130
whether, 124,350
which, 74,86,91,99,106,115,119,131,160,164,172,198,214,231,243,268,274,284,285,328,333,337,363,470,471,534,570,623,719,724
who, 45,51,65,66,92,96,108,148,171,204,208,212,218,236,239,252,263,264,291,312,316,345,347,348,431,541,696
whoever, 58
whole, 65,285,334,344
wholesome, 124
wholly, 328
whom, 235,428
whose, 91,96,180,344
wide, 677
widest, 632,680
wife, 364
will, 82,94,114,119,125,133,138,139,140,143,147,151,155,157,164,166,167,172,176,214,242,249,252,257,261,265,285,294,297,298,301,323,331,340,341,349,376,381,382,448,494,639
winter, 141
wise, 268,337
wish, 557
with, 2,5,47,73,140,166,188,194,199,235,237,326,347,354,393,397,410,411,412,431,433,434,435,450,451,452,453,454,457,468,471,475,478,482,485,485,486,492,493,495,500,504,522,549,554,595,596,620,620,631,637,683,685,689,697,714,715,721
within, 96,534,542,551,592
without, 212,213,334,354,386,387,434,454,483,503,601,677
wives, 91,275,347
women, 84,96,274,308
word, 510
work, 49,52,168,187,224,360,409,410,420,426,431,444,447,452,453,457,461,462,463,470,470,480,482,484,486,487,491,496,499,500,500,503,503,508,511,516,550,551,552,558,581,592,594,595,597,598,600,605,625,626
works, 384,385,389,395,409,417,424,433,436,438,442,442,447,449,450,461,495,521,525,529,545,547,555,558,568,570,619,621,632,679,710,713
world, 300
worse, 215
worthy, 180
would, 60,86,163,193,194,195,215,234,260,268,270,275,290,293,317,334,344,350
writing, 542,559,601
written, 594,596,690
www.gutenberg.org, 5,478
year, 73,76,97,123,135,144,151,258,351
yearly, 235,285
years, 69,104,112,185,204,248,326,364,714
yet, 319
yield, 114
you, 386,391,392,392,411,420,420,422,423,425,426,427,428,433,435,436,444,445,448,454,456,457,458,466,484,486,510,514,522,528,530,534,542,551,557,559,582,591,592,593,594,594,595,596,598,599,599,601,605,623,626
young, 123,184,205,212,223
youngest, 364
your, 424,459,492,530,535,575,596,644,658
